{"Basic":[{"cardId":"GAME_004","dbfId":"1740","name":"AFK","cardSet":"Basic","type":"Enchantment","text":"Your turns are shorter.","playerClass":"Neutral","locale":"enUS"},{"cardId":"CS2_041e","dbfId":"1853","name":"Ancestral Infusion","cardSet":"Basic","type":"Enchantment","text":"Taunt.","playerClass":"Shaman","locale":"enUS","mechanics":[{"name":"Taunt"}]},{"cardId":"HERO_09","dbfId":"813","name":"Anduin Wrynn","cardSet":"Basic","type":"Hero","faction":"Neutral","rarity":"Free","health":30,"collectible":true,"playerClass":"Priest","img":"http://media.services.zam.com/v1/media/byName/hs/cards/enus/HERO_09.png","imgGold":"http://media.services.zam.com/v1/media/byName/hs/cards/enus/animated/HERO_09_premium.gif","locale":"enUS"},{"cardId":"EX1_399e","dbfId":"1621","name":"Berserking","cardSet":"Basic","type":"Enchantment","text":"This minion has increased Attack.","playerClass":"Neutral","locale":"enUS"},{"cardId":"CS2_092e","dbfId":"803","name":"Blessing of Kings","cardSet":"Basic","type":"Enchantment","text":"+4/+4.","playerClass":"Paladin","locale":"enUS"},{"cardId":"CS2_087e","dbfId":"603","name":"Blessing of Might","cardSet":"Basic","type":"Enchantment","faction":"Neutral","text":"+3 Attack.","playerClass":"Paladin","locale":"enUS"},{"cardId":"CS2_046e","dbfId":"1096","name":"Bloodlust","cardSet":"Basic","type":"Enchantment","text":"+3 Attack this turn.","playerClass":"Shaman","locale":"enUS","mechanics":[{"name":"OneTurnEffect"}]},{"cardId":"EX1_084e","dbfId":"706","name":"Charge","cardSet":"Basic","type":"Enchantment","text":"Warsong Commander is granting this minion +1 Attack.","playerClass":"Warrior","locale":"enUS"},{"cardId":"DS1_178e","dbfId":"1712","name":"Charge","cardSet":"Basic","type":"Enchantment","text":"{0} grants <b>Charge</b>.","playerClass":"Hunter","locale":"enUS"},{"cardId":"CS2_103e2","dbfId":"1713","name":"Charge","cardSet":"Basic","type":"Enchantment","text":"Has <b>Charge</b>.","playerClass":"Warrior","locale":"enUS"},{"cardId":"CS2_005o","dbfId":"65","name":"Claw","cardSet":"Basic","type":"Enchantment","text":"+2 Attack this turn.","playerClass":"Druid","locale":"enUS","mechanics":[{"name":"OneTurnEffect"}]},{"cardId":"CS2_017o","dbfId":"1668","name":"Claws","cardSet":"Basic","type":"Enchantment","text":"Your hero has +1 Attack this turn.","playerClass":"Druid","locale":"enUS","mechanics":[{"name":"OneTurnEffect"}]},{"cardId":"EX1_019e","dbfId":"388","name":"Cleric's Blessing","cardSet":"Basic","type":"Enchantment","text":"+1/+1.","playerClass":"Priest","locale":"enUS"},{"cardId":"GAME_003","dbfId":"1736","name":"Coin's Vengeance","cardSet":"Basic","type":"Enchantment","text":"Going second makes your first minion stronger.","playerClass":"Neutral","locale":"enUS"},{"cardId":"GAME_003e","dbfId":"1734","name":"Coin's Vengence","cardSet":"Basic","type":"Enchantment","text":"Going second makes your first minion stronger.","playerClass":"Neutral","locale":"enUS"},{"cardId":"CS2_063e","dbfId":"917","name":"Corruption","cardSet":"Basic","type":"Enchantment","text":"At the start of the corrupting player's turn, destroy this minion.","playerClass":"Warlock","locale":"enUS"},{"cardId":"GBL_003e","dbfId":"53191","name":"Cost - 1","cardSet":"Basic","type":"Enchantment","text":"Costs (1) less.","playerClass":"Neutral","locale":"enUS"},{"cardId":"GBL_002e","dbfId":"53190","name":"Cost - 2","cardSet":"Basic","type":"Enchantment","text":"Costs (2) less.","playerClass":"Neutral","locale":"enUS"},{"cardId":"GBL_004e","dbfId":"53192","name":"Cost - 3","cardSet":"Basic","type":"Enchantment","text":"Costs (3) less.","playerClass":"Neutral","locale":"enUS"},{"cardId":"GBL_008e","dbfId":"53197","name":"Cost - 4","cardSet":"Basic","type":"Enchantment","text":"Costs (4) less.","playerClass":"Neutral","locale":"enUS"},{"cardId":"GBL_005e","dbfId":"53194","name":"Cost + 2","cardSet":"Basic","type":"Enchantment","text":"Costs (2) more.","playerClass":"Neutral","locale":"enUS"},{"cardId":"GBL_009e","dbfId":"53198","name":"Cost = 0","cardSet":"Basic","type":"Enchantment","text":"Costs (0).","playerClass":"Neutral","locale":"enUS"},{"cardId":"GBL_001e","dbfId":"53189","name":"Cost = 1","cardSet":"Basic","type":"Enchantment","text":"Costs (1).","playerClass":"Neutral","locale":"enUS"},{"cardId":"GBL_007e","dbfId":"53196","name":"Cost = 10","cardSet":"Basic","type":"Enchantment","text":"Costs (10).","playerClass":"Neutral","locale":"enUS"},{"cardId":"GBL_006e","dbfId":"53195","name":"Cost = 2","cardSet":"Basic","type":"Enchantment","text":"Costs (2).","playerClass":"Neutral","locale":"enUS"},{"cardId":"BCON_001e","dbfId":"50134","name":"Deadeye","cardSet":"Basic","type":"Enchantment","text":"Your Hero Power can target minions.","playerClass":"Neutral","locale":"enUS"},{"cardId":"CS2_074e","dbfId":"1739","name":"Deadly Poison","cardSet":"Basic","type":"Enchantment","text":"+2 Attack.","playerClass":"Neutral","locale":"enUS"},{"cardId":"CS2_236e","dbfId":"1627","name":"Divine Spirit","cardSet":"Basic","type":"Enchantment","text":"This minion has double Health.","playerClass":"Priest","locale":"enUS"},{"cardId":"CS2_122e","dbfId":"1402","name":"Enhanced","cardSet":"Basic","type":"Enchantment","text":"Raid Leader is granting this minion +1 Attack.","playerClass":"Neutral","locale":"enUS"},{"cardId":"NEW1_033o","dbfId":"143","name":"Eye In The Sky","cardSet":"Basic","type":"Enchantment","text":"Leokk is granting this minion +1 Attack.","playerClass":"Hunter","locale":"enUS"},{"cardId":"EX1_565o","dbfId":"516","name":"Flametongue","cardSet":"Basic","type":"Enchantment","text":"+2 Attack from Flametongue Totem.","playerClass":"Shaman","locale":"enUS"},{"cardId":"hexfrog","dbfId":"548","name":"Frog","cardSet":"Basic","type":"Minion","faction":"Neutral","rarity":"Common","attack":0,"health":1,"text":"<b>Taunt</b>","race":"Beast","playerClass":"Neutral","img":"http://wow.zamimg.com/images/hearthstone/cards/enus/original/hexfrog.png","imgGold":"http://wow.zamimg.com/images/hearthstone/cards/enus/animated/hexfrog_premium.gif","locale":"enUS","mechanics":[{"name":"Taunt"}]},{"cardId":"CS2_226e","dbfId":"1811","name":"Frostwolf Banner","cardSet":"Basic","type":"Enchantment","text":"Increased stats.","playerClass":"Neutral","locale":"enUS"},{"cardId":"DS1_175o","dbfId":"1629","name":"Furious Howl","cardSet":"Basic","type":"Enchantment","text":"+1 Attack from {0}.","playerClass":"Hunter","locale":"enUS"},{"cardId":"HERO_01","dbfId":"7","name":"Garrosh Hellscream","cardSet":"Basic","type":"Hero","faction":"Neutral","rarity":"Free","health":30,"collectible":true,"playerClass":"Warrior","img":"http://media.services.zam.com/v1/media/byName/hs/cards/enus/HERO_01.png","imgGold":"http://media.services.zam.com/v1/media/byName/hs/cards/enus/animated/HERO_01_premium.gif","locale":"enUS"},{"cardId":"HERO_07","dbfId":"893","name":"Gul'dan","cardSet":"Basic","type":"Hero","faction":"Neutral","rarity":"Free","health":30,"collectible":true,"playerClass":"Warlock","img":"http://media.services.zam.com/v1/media/byName/hs/cards/enus/HERO_07.png","imgGold":"http://media.services.zam.com/v1/media/byName/hs/cards/enus/animated/HERO_07_premium.gif","locale":"enUS"},{"cardId":"CS2_105e","dbfId":"78","name":"Heroic Strike","cardSet":"Basic","type":"Enchantment","text":"+4 Attack this turn.","playerClass":"Warrior","locale":"enUS","mechanics":[{"name":"OneTurnEffect"}]},{"cardId":"EX1_246e","dbfId":"1635","name":"Hexxed","cardSet":"Basic","type":"Enchantment","text":"This minion has been transformed!","playerClass":"Shaman","locale":"enUS","mechanics":[{"name":"Morph"}]},{"cardId":"EX1_360e","dbfId":"1088","name":"Humility","cardSet":"Basic","type":"Enchantment","faction":"Neutral","text":"Attack has been changed to 1.","playerClass":"Paladin","locale":"enUS"},{"cardId":"CS2_084e","dbfId":"925","name":"Hunter's Mark","cardSet":"Basic","type":"Enchantment","text":"This minion has 1 Health.","playerClass":"Hunter","locale":"enUS"},{"cardId":"HERO_08","dbfId":"637","name":"Jaina Proudmoore","cardSet":"Basic","type":"Hero","faction":"Neutral","rarity":"Free","health":30,"collectible":true,"playerClass":"Mage","img":"http://media.services.zam.com/v1/media/byName/hs/cards/enus/HERO_08.png","imgGold":"http://media.services.zam.com/v1/media/byName/hs/cards/enus/animated/HERO_08_premium.gif","locale":"enUS"},{"cardId":"GAME_001","dbfId":"1732","name":"Luck of the Coin","cardSet":"Basic","type":"Enchantment","text":"Going second grants you increased Health.","playerClass":"Neutral","locale":"enUS"},{"cardId":"HERO_06","dbfId":"274","name":"Malfurion Stormrage","cardSet":"Basic","type":"Hero","faction":"Neutral","rarity":"Free","health":30,"collectible":true,"playerClass":"Druid","img":"http://media.services.zam.com/v1/media/byName/hs/cards/enus/HERO_06.png","imgGold":"http://media.services.zam.com/v1/media/byName/hs/cards/enus/animated/HERO_06_premium.gif","locale":"enUS"},{"cardId":"CS2_009e","dbfId":"207","name":"Mark of the Wild","cardSet":"Basic","type":"Enchantment","text":"+2/+2 and <b>Taunt</b>.","playerClass":"Druid","locale":"enUS"},{"cardId":"DS1_070o","dbfId":"722","name":"Master's Presence","cardSet":"Basic","type":"Enchantment","text":"+2/+2 and <b>Taunt</b>.","playerClass":"Hunter","locale":"enUS"},{"cardId":"CS2_222o","dbfId":"240","name":"Might of Stormwind","cardSet":"Basic","type":"Enchantment","text":"Has +1/+1.","playerClass":"Neutral","locale":"enUS"},{"cardId":"EX1_508o","dbfId":"729","name":"Yeeeeet!","cardSet":"Basic","type":"Enchantment","text":"This Murloc has +1 Attack.","playerClass":"Neutral","locale":"enUS"},{"cardId":"BCON_008e","dbfId":"50131","name":"Nature's Champion","cardSet":"Basic","type":"Enchantment","text":"+5/+5.","playerClass":"Neutral","locale":"enUS"}],"System":[],"Debug":[]}